"","sequence","group","length","mw","tinyAA","smallAA","aliphaticAA","aromaticAA","nonpolarAA","polarAA","chargedAA","basicAA","acidicAA","charge","pI","aindex","instaindex","boman","hydrophobicity","hmoment","transmembrane","globular","surface"
"1","DAEFRHDSGYEVHHQKLVFFAEDVGSNK","0",28,3262.502,21.429,46.429,21.429,25,42.857,57.143,42.857,21.429,21.429,-2.97,5.429,52.143,26.946,2.651,-0.9,0.392,0,1,0
"2","SLDRSSCFTGSLDSIRAQSGLGCNSFRY","0",28,3028.321,50,60.714,17.857,10.714,46.429,53.571,17.857,10.714,7.143,0.742,8.223,59.286,58.011,2.431,-0.286,0.407,0,1,0
"3","MISSVCVSSYRGRKSGNKPPSKTCLKEEMA","0",30,3274.835,40,56.667,16.667,3.333,46.667,53.333,26.667,20,6.667,3.741,10.053,48.667,45.487,2.218,-0.62,0.46,0,1,0
"4","TRYLRIHPQSWVHQIALRMEVL","0",22,2747.26,13.636,27.273,36.364,18.182,54.545,45.455,27.273,22.727,4.545,1.936,11.054,119.545,52.795,1.769,-0.145,0.533,0,1,0
"5","MPGTIKENIIGVSYDEYRYRSVIKA","0",25,2903.346,24,44,28,12,56,44,28,16,12,0.762,9.031,89.6,45.068,1.836,-0.372,0.373,0,1,0
"6","FSGPPGLQGRLQRLLQASGNHAAGILTM","0",28,2891.344,39.286,50,32.143,7.143,64.286,35.714,10.714,10.714,0,1.847,12.5,94.286,52.264,0.791,-0.004,0.603,0,1,0
"7","HAEGTFTSDVSSYLEGQAAKEFIAWLVKGR","0",30,3298.659,40,50,30,16.667,53.333,46.667,26.667,13.333,13.333,-1.146,5.617,71.667,17.693,1.322,-0.23,0.483,0,0.8,0.2
"8","FPIPLPYCWLCRALIKRIQAMIPKG","0",25,2928.697,20,36,36,12,80,20,16,16,0,3.737,10.264,117.2,43.36,-0.104,0.536,0.643,0.067,0.733,0.2
"9","TTLYTSLHGYFVFGPTGCNLEGFFATLGGEI","0",31,3313.729,45.161,54.839,22.581,22.581,67.742,32.258,9.677,3.226,6.452,-2.159,4.254,75.484,5.877,-0.253,0.477,0.264,0.095,0.905,0
"10","YAGVAFYIFTHQGSDFGPIFMTIPAF","0",26,2898.328,34.615,50,26.923,30.769,76.923,23.077,7.692,3.846,3.846,-1.154,5.292,67.692,33.554,-0.637,0.754,0.38,0.188,0.688,0.125
"11","TRYLRIHPQSWVHQIALRMEV","0",21,2634.1,14.286,28.571,33.333,19.048,52.381,47.619,28.571,23.81,4.762,1.936,11.054,106.667,54.833,2.087,-0.333,0.533,0,1,0
"12","MAMAMRSTFAARVGAKPAVRGARPASRMSCMA","0",32,3342.057,50,62.5,34.375,3.125,68.75,31.25,18.75,18.75,0,5.749,12.681,46.25,81.7,1.583,0.184,0.785,0,0.818,0.182
"13","PAFFAKTSAVYNPVIYIMMNKQFRN","0",25,2951.497,20,48,28,20,64,36,12,12,0,2.756,10.453,66.4,40.552,0.83,0.056,0.437,0.133,0.867,0
"14","HSQGTFTSDYSKYLDSRRAQDFVQWLMNT","0",29,3482.788,31.034,48.276,13.793,20.69,37.931,62.069,24.138,13.793,10.345,-0.152,7.535,40.345,56.028,2.889,-0.99,0.655,0,1,0
"15","HSDGIFTDSYSRYRKQMAVKK","0",21,2517.845,28.571,42.857,14.286,19.048,38.095,61.905,38.095,28.571,9.524,2.845,10.325,37.143,27.962,3.34,-1.205,0.437,0,1,0
"16","FVNQHLSGSHLVEALYLVSGERGFFYTPKA","0",30,3367.811,30,46.667,30,23.333,60,40,20,13.333,6.667,-0.063,7.697,87.667,9.847,0.715,0.083,0.436,0,1,0
"17","MGINTRELFLNFTIVLITVILMWLLVRSYQY","0",31,3761.585,16.129,32.258,41.935,16.129,67.742,32.258,9.677,6.452,3.226,0.761,9.171,153.871,18.548,-0.271,1.065,0.374,0.524,0.429,0.048
"18","SSMKLSFRARAYGFRGPGPQL","0",21,2326.704,38.095,47.619,19.048,14.286,61.905,38.095,19.048,19.048,0,3.758,12.227,46.667,15.738,1.981,-0.49,0.314,0,1,0
"19","GNDYEDRYYRENMYRYPNQVYYRPVC","0",26,3427.729,7.692,42.308,7.692,26.923,53.846,46.154,30.769,15.385,15.385,-0.249,6.43,22.308,12.108,4.02,-1.765,0.574,0,1,0
"20","APARVGLGITTVLTMTTQSSGSRASLPK","0",28,2801.254,53.571,67.857,32.143,0,53.571,46.429,10.714,10.714,0,2.759,12.516,87.143,49.943,1.036,0.146,0.44,0.111,0.778,0.111
"21","SWFEPLVEDMQRQWAGLVEKVQAA","0",24,2818.2,20.833,41.667,33.333,12.5,58.333,41.667,25,8.333,16.667,-2.231,4.148,81.25,20.717,1.305,-0.3,0.628,0,0.929,0.071
"22","PLVEDMQRQWAGLVEKVQAAVGT","0",23,2525.906,26.087,52.174,39.13,4.348,60.87,39.13,21.739,8.696,13.043,-1.234,4.426,97.391,5.426,1.044,-0.074,0.575,0,1,0
"23","HGGGWGQPHGGGWGQPHGGGWGQP","0",24,2348.443,50,62.5,0,25,75,25,12.5,12.5,0,0.022,7.811,0,54.008,0.514,-1.35,0.171,0,1,0
"24","MDKVQYLTRSAIRRASTIEMPQQAC","0",25,2897.379,32,44,28,4,48,52,24,16,8,1.752,9.446,70.4,108.416,2.573,-0.484,0.65,0,1,0
"25","NVEYTFTGIYTFESLIKILAR","0",21,2478.871,28.571,38.095,33.333,19.048,57.143,42.857,19.048,9.524,9.524,-0.237,6.519,111.429,15.362,0.703,0.376,0.693,0.091,0.455,0.455
"26","CSCSSLMDKECVYFCHLDIIW","0",21,2495.942,33.333,47.619,23.81,19.048,61.905,38.095,23.81,9.524,14.286,-2.189,4.366,88.095,59.443,0.395,0.633,0.26,0.091,0.909,0
"27","SEYASKVDEYVGEVENDLQKSKVAVS","0",26,2874.108,26.923,57.692,30.769,7.692,42.308,57.692,34.615,11.538,23.077,-3.231,4.104,78.462,30.985,2.22,-0.673,0.486,0,1,0
"28","XGGKWSKSSVIGWPAVRERMRRAEPAX","0",27,2812.248,33.333,48.148,22.222,7.407,51.852,40.741,29.63,22.222,7.407,3.764,12.079,47.037,61.841,2.457,-0.785,0.498,0,1,0
"29","MISSVCVSSYRGRKSGNKPPSKTCLKEEMA","0",30,3274.835,40,56.667,16.667,3.333,46.667,53.333,26.667,20,6.667,3.741,10.053,48.667,45.487,2.218,-0.62,0.46,0,1,0
"30","GAYTGLPNKKPNVPTIRTAKVQ","0",22,2353.75,31.818,63.636,27.273,4.545,54.545,45.455,18.182,18.182,0,3.756,11.132,70.909,18.955,1.583,-0.7,0.374,0,1,0
"31","ENFAGGCLTGFMRTPDGRCKPTF","0",23,2505.867,43.478,60.87,8.696,13.043,60.87,39.13,21.739,13.043,8.696,0.743,8.23,21.304,8.609,1.78,-0.409,0.433,0.077,0.923,0
"32","ENFSGGCVAGYMRTPDGRCKPTFYQLIT","0",28,3112.543,39.286,57.143,14.286,14.286,60.714,39.286,17.857,10.714,7.143,0.741,8.213,41.786,26.621,1.578,-0.371,0.448,0,1,0
"33","XHLLREVLELARAEQLAQEAHKNRKLLEII","0",30,3435.033,13.333,20,46.667,6.667,46.667,50,40,23.333,16.667,-0.054,7.713,140,37.247,2.046,-0.29,0.791,0,0.85,0.15
"34","YMLFTMIFVISSIIITVVVINTHHR","0",25,2948.621,20,40,44,20,64,36,12,12,0,0.933,9.354,155.6,31.484,-0.629,1.504,0.287,0.733,0.067,0.2
"35","CSASSLLDKEAVYFCHLDIIW","0",21,2413.788,33.333,47.619,38.095,19.048,61.905,38.095,23.81,9.524,14.286,-2.169,4.366,116.19,26.586,0.222,0.657,0.321,0.091,0.909,0
"36","APLEPEYPGDNATPEQMAQYAAELRRYINMLTRPRY","0",36,4226.751,22.222,44.444,25,11.111,58.333,41.667,25,11.111,13.889,-1.232,4.707,57.222,67.094,2.537,-0.994,0.84,0,0.923,0.077
"37","SEAVKFLTNETREREVFDRLGMIYTVGYSVC","0",31,3614.106,29.032,48.387,25.806,12.903,51.613,48.387,29.032,12.903,16.129,-1.24,4.707,78.387,3.445,2.048,-0.155,0.572,0.095,0.905,0
"38","ENFSGGCVAGYMRTPDGRCKPTFYQ","0",25,2785.119,40,60,8,16,60,40,20,12,8,0.741,8.213,15.6,28.616,2.058,-0.72,0.303,0,1,0
"39","CSNLSTCVLGKLSQELHKLQTYPRTDVGAGTPX","0",33,3417.9,39.394,57.576,24.242,6.061,48.485,48.485,18.182,12.121,6.061,0.828,8.231,79.697,21.855,1.354,-0.294,0.604,0,0.957,0.043
"40","GNLWATGHFMX","0",11,1133.29,36.364,45.455,18.182,27.273,63.636,27.273,9.091,9.091,0,-0.153,7.55,44.545,-8.818,-0.218,0.109,0.07,0,1,0
"41","SVSEIQLMHNLGKHLNSMERVEWLRKKLQDV","0",31,3719.338,12.903,32.258,29.032,9.677,41.935,58.065,35.484,22.581,12.903,0.941,9.443,103.548,64.816,2.255,-0.61,0.635,0,0.952,0.048
"42","TCEICAYAACTGC","0",13,1308.52,76.923,76.923,30.769,7.692,76.923,23.077,7.692,0,7.692,-1.278,3.85,53.077,94.608,-0.332,1.023,0.166,0,1,0
"43","XIFSANAWRAYDTASAERRLSGTPISFILLX","0",31,3227.67,38.71,48.387,35.484,12.903,54.839,38.71,16.129,9.677,6.452,0.763,9.346,91.613,33.774,1.226,0.216,0.471,0.095,0.905,0
"44","ADCNGACSPFEVPPCRSRDCRCVPIGLFVGFCIHPTG","0",37,3925.564,40.541,70.27,21.622,10.811,70.27,29.73,18.919,10.811,8.108,-0.207,7.039,60.541,56.624,1.049,0.265,0.431,0.259,0.741,0
"45","SNNFGAILSS","0",10,1009.084,50,70,30,10,50,50,0,0,0,-0.24,6.1,88,24,0.791,0.31,0.304,0,1,0
"46","FVPIFTYGELQRMQEKERNKGQ","0",22,2699.08,13.636,27.273,13.636,13.636,45.455,54.545,31.818,18.182,13.636,0.766,9.254,48.636,43.673,2.876,-1.168,0.426,0,1,0
"47","ICIFCCGCCHRSKCGMCCKT","0",20,2199.778,60,60,10,10,70,30,20,20,0,2.766,8.213,39,47.77,0.468,0.795,0.147,0,1,0
"48","XLRHYLNLLTRQRYX","0",15,1746.048,6.667,13.333,26.667,20,40,46.667,26.667,26.667,0,2.845,11.21,104,70.787,2.985,-0.787,0.674,0,0.8,0.2
"49","EAEDLQVGQVELGGGPGAGSLQPLALEGSLQ","0",31,3020.3,38.71,54.839,35.484,0,64.516,35.484,16.129,0,16.129,-5.228,3.257,103.871,51.271,0.494,-0.081,0.194,0,1,0
"50","YAEGTFISDYSIAMDKIHQQDFVNWLLAQK","0",30,3532.972,23.333,40,30,20,53.333,46.667,23.333,10,13.333,-2.151,4.494,84.667,28.28,1.2,-0.233,0.35,0,1,0
"51","FKCRRWQWRMKKLGAPSITCVRRAF","1",25,3125.816,28,36,20,16,56,44,32,32,0,7.737,12.353,50.8,77.924,2.752,-0.576,0.574,0,1,0
"52","ITPATPFTPAIITEITAAVIA","1",21,2111.507,47.619,66.667,52.381,4.762,71.429,28.571,4.762,0,4.762,-1.237,3.85,130.476,55.381,-1,1.271,0.308,0.364,0.636,0
"53","QRFSQPTFKLPQGRLTLSRKF","1",21,2535.978,23.81,33.333,14.286,14.286,42.857,57.143,23.81,23.81,0,4.758,12.814,55.714,50.057,2.847,-0.886,0.545,0,1,0
"54","KSSAYSLQMGATAIKQVKKLFKKWGW","1",26,2985.584,34.615,38.462,26.923,15.385,53.846,46.154,23.077,23.077,0,5.753,11.13,67.692,19.842,0.815,-0.423,0.828,0,0.625,0.375
"55","GIGALSAKGALKGLAKGLAEHFAN","1",24,2294.682,50,54.167,45.833,8.333,70.833,29.167,20.833,16.667,4.167,1.847,10.507,106.25,-22.642,-0.208,0.358,0.56,0,0.714,0.286
"56","GIGASILSAGKSALKGLAKGLAEHFAN","1",27,2581.998,51.852,55.556,44.444,7.407,66.667,33.333,18.519,14.815,3.704,1.847,10.507,108.889,-8.737,-0.115,0.426,0.603,0,0.647,0.353
"57","GIGSAILSAGKSALKGLAKGLAEHFAN","1",27,2581.998,51.852,55.556,44.444,7.407,66.667,33.333,18.519,14.815,3.704,1.847,10.507,108.889,-5.593,-0.115,0.426,0.603,0,0.529,0.471
"58","GIGAAILSAGKSALKGLAKGLAEHF","1",25,2380.816,52,52,48,8,72,28,20,16,4,1.847,10.507,117.6,-10.236,-0.526,0.632,0.603,0,0.6,0.4
"59","GIGAAILSAGKSIIKGLANGLAEHF","1",25,2408.826,48,52,48,8,72,28,16,12,4,0.848,9.539,129.2,-12.852,-0.606,0.784,0.612,0,0.333,0.667
"60","GIGGALLSAGKSALKGLAKGLAEHFAN","1",27,2551.972,51.852,55.556,44.444,7.407,70.37,29.63,18.519,14.815,3.704,1.847,10.507,108.889,-11.3,-0.276,0.415,0.603,0,0.765,0.235
"61","IIGPVLGMVGSALGGLLKKI","1",20,1936.47,35,50,50,0,85,15,10,10,0,1.758,10.805,170.5,12.565,-1.844,1.43,0.489,0.6,0.1,0.3
"62","LIGPVLGLVGSALGGLLKKI","1",20,1918.437,35,50,55,0,85,15,10,10,0,1.758,10.805,190,12.565,-1.973,1.49,0.489,0.5,0.1,0.4
"63","IIGPVLGLVGSALGGLLKKI","1",20,1918.437,35,50,55,0,85,15,10,10,0,1.758,10.805,190,12.565,-1.973,1.525,0.489,0.5,0.1,0.4
"64","GIGTKILGGVKTALKGALKELASTYAN","1",27,2675.164,48.148,55.556,40.741,3.704,62.963,37.037,18.519,14.815,3.704,2.758,10.485,112.222,7.026,0.052,0.252,0.552,0,0.824,0.176
"65","GIGTKILGGVKTALKGALKELASTYVN","1",27,2703.218,44.444,55.556,40.741,3.704,62.963,37.037,18.519,14.815,3.704,2.758,10.485,119.259,-1.744,-0.031,0.341,0.552,0,0.824,0.176
"66","GIGGKILSGLKTALKGAAKELASTYLH","1",27,2698.201,48.148,48.148,40.741,7.407,62.963,37.037,22.222,18.519,3.704,2.845,10.485,115.926,-0.678,-0.023,0.244,0.61,0,0.882,0.118
"67","GIGGVLLSAGKAALKGLAKVLAEKYAN","1",27,2613.139,44.444,55.556,51.852,3.704,74.074,25.926,18.519,14.815,3.704,2.758,10.485,130.37,7.248,-0.517,0.593,0.586,0.059,0.706,0.235
"68","SIGAKILGGVKTFFKGALKELASTYLQ","1",27,2841.387,40.741,44.444,37.037,11.111,62.963,37.037,18.519,14.815,3.704,2.758,10.485,108.519,15.622,-0.077,0.404,0.599,0,0.588,0.412
"69","FLPAIFRMAAKVVPTIICSITKKC","1",24,2651.369,33.333,50,41.667,8.333,70.833,29.167,16.667,16.667,0,3.737,10.513,117.917,35.263,-0.37,1.104,0.671,0,0.143,0.857
"70","VIPFVASVAAEMQHVYCAASRKC","1",23,2480.944,39.13,60.87,43.478,13.043,69.565,30.435,17.391,13.043,4.348,0.828,8.233,89.13,18.504,0.278,0.735,0.438,0.154,0.846,0
"71","FLPLLAGLAANFLPKIFCKITRKC","1",24,2678.379,29.167,41.667,41.667,12.5,75,25,16.667,16.667,0,3.737,10.513,126.25,12.296,-0.48,0.95,0.778,0.286,0.071,0.643
"72","FLPVLAGIAAKVVPALFCKITKKC","1",24,2531.243,33.333,54.167,50,8.333,79.167,20.833,16.667,16.667,0,3.736,10.349,134.167,31.071,-1.194,1.287,0.494,0.571,0.214,0.214
"73","GILDSLKNLAKNAGQILLNKASCKLSGQC","1",29,3001.553,37.931,51.724,37.931,0,55.172,44.828,17.241,13.793,3.448,2.737,9.601,117.931,37.603,0.757,0.069,0.67,0,0.737,0.263
"74","FLGALFKVASKVLPSVFCAITKKC","1",24,2571.221,37.5,54.167,41.667,12.5,70.833,29.167,16.667,16.667,0,3.736,10.349,113.75,8.758,-0.754,1.142,0.57,0,0.286,0.714
"75","FLPLLAGLAANFLPTIICKISYKC","1",24,2610.254,33.333,45.833,45.833,12.5,79.167,20.833,8.333,8.333,0,1.737,8.792,142.5,15.833,-1.267,1.283,0.5,0.429,0.143,0.429
"76","GSKKPVPIIYCNRRTGKCQRM","1",21,2435.953,28.571,47.619,14.286,4.762,52.381,47.619,28.571,28.571,0,5.736,11.093,50.952,39.876,2.811,-0.9,0.49,0,1,0
"77","SMLSVLKNLGKVGLGFVACKINKQC","1",25,2651.283,32,52,36,4,64,36,16,16,0,3.736,10.349,116.8,26.124,-0.057,0.596,0.572,0.067,0.467,0.467
"78","FLPFIARLAAKVFPSIICSVTKKC","1",24,2653.326,33.333,50,41.667,12.5,70.833,29.167,16.667,16.667,0,3.737,10.513,117.917,34.608,-0.361,1.108,0.655,0,0.143,0.857
"79","GLLDTIKGVAKTVAASMLDKLKCKISGC","1",28,2864.514,42.857,57.143,39.286,0,60.714,39.286,25,17.857,7.143,2.738,9.549,115,-13.918,0.228,0.507,0.584,0,0.778,0.222
"80","GLMDTVKNVAKNLAGHMLDKLKCKITGC","1",28,3002.66,32.143,53.571,32.143,3.571,57.143,42.857,28.571,21.429,7.143,2.825,9.549,97.5,-11.914,0.782,0.043,0.647,0,0.778,0.222
"81","SMLSVLKNLGKVGLGLVACKINKQC","1",25,2617.265,32,52,40,0,64,36,16,16,0,3.736,10.349,132.4,26.124,-0.134,0.636,0.572,0.067,0.467,0.467
"82","GLFLDTLKGLAGKLLQGLKCIKAGCKP","1",27,2786.473,37.037,44.444,37.037,3.704,70.37,29.63,22.222,18.519,3.704,3.736,10.23,122.963,-5.522,-0.32,0.433,0.557,0,0.941,0.059
"83","GIGKFLHSAKKFGKAFVGEIMNS","1",23,2466.927,34.783,43.478,26.087,17.391,60.87,39.13,26.087,21.739,4.348,2.846,10.803,72.174,-0.104,0.419,0.083,0.686,0,0.615,0.385
"84","GIGAVLKVLTTGLPALISWIKRKRQQ","1",26,2847.487,30.769,42.308,42.308,3.846,61.538,38.462,19.231,19.231,0,4.757,12.546,135,44.731,0.57,0.273,0.568,0.125,0.25,0.625
"85","RSVCRQIKICRRRGGCYYKCTNRPY","1",25,3080.661,32,44,12,12,52,48,32,32,0,7.715,10.567,42.8,95.12,3.932,-1.056,0.659,0,1,0
"86","RGLRRLGRKIAHGVKKYGPTVLRIIRIAG","1",29,3256,27.586,37.931,37.931,6.897,62.069,37.931,34.483,34.483,0,8.843,12.811,121.034,26.41,2.162,-0.21,1.071,0,0.211,0.789
"87","ALWKNMLKGIGKLAGKAALGAVKKLVGAES","1",30,3023.717,40,50,46.667,3.333,70,30,23.333,20,3.333,4.757,11.102,117.333,-5.28,-0.256,0.35,0.704,0,0.55,0.45
"88","ALWMTLLKKVLKAAAKALNAVLVGANA","1",27,2779.467,37.037,55.556,62.963,3.704,74.074,25.926,14.815,14.815,0,3.756,11.278,148.519,10.381,-0.877,1.004,0.708,0.059,0.294,0.647
"89","GLWSKIKTAGKSVAKAAAKAAVKAVTNAV","1",29,2840.406,51.724,68.966,51.724,3.448,62.069,37.931,20.69,20.69,0,5.754,11.5,97.931,-0.066,0.186,0.334,0.632,0,0.842,0.158
"90","GLWNKIKEAASKAAGKAALGFVNEMV","1",26,2704.183,38.462,53.846,42.308,7.692,65.385,34.615,23.077,15.385,7.692,1.762,10.333,90.385,22.781,0.32,0.135,0.573,0,1,0
"91","ALWKDILKNVGKAAGKAVLNTVTDMVNQ","1",28,2998.534,28.571,60.714,42.857,3.571,57.143,42.857,21.429,14.286,7.143,1.758,10.333,111.429,4.093,0.736,0.075,0.732,0,0.389,0.611
"92","ALWKTIIKGAGKMIGSLAKNLLGSQAQPES","1",30,3111.693,40,46.667,36.667,3.333,60,40,16.667,13.333,3.333,2.759,10.803,104.333,42.16,0.313,0.033,0.656,0,0.35,0.65
"93","ALWKNMLKGIGKLAGQAALGAVKTLVGAE","1",29,2909.526,41.379,51.724,48.276,3.448,72.414,27.586,17.241,13.793,3.448,2.759,10.803,121.379,-6.593,-0.486,0.514,0.704,0.105,0.474,0.421
"94","GWGSFFKKAAHVGKHVGKAALTHYL","1",25,2711.168,40,48,32,28,64,36,28,28,0,4.017,10.866,70.4,4.972,0.203,-0.068,0.593,0,0.8,0.2
"95","HRHQGPIFDTRPSPFNPNQPRPGPIY","1",26,3026.37,15.385,53.846,7.692,19.231,53.846,46.154,23.077,19.231,3.846,1.935,11.054,30,63.019,2.907,-1.446,0.287,0,1,0
"96","RCICTTRTCRFPYRRLGTCLFQNRVYTFCC","1",30,3682.394,40,50,13.333,16.667,56.667,43.333,20,20,0,5.699,9.19,48.667,42.77,2.616,-0.08,0.665,0,1,0
"97","ACYCRIPACIAGERRYGTCIYQGRLWAFCC","1",30,3448.092,46.667,50,26.667,16.667,76.667,23.333,16.667,13.333,3.333,2.7,8.375,65.333,55.71,1.076,0.3,0.488,0,1,0
"98","CYCRIPACIAGERRYGTCIYQGRLWAFCC","1",29,3377.014,44.828,48.276,24.138,17.241,75.862,24.138,17.241,13.793,3.448,2.7,8.375,64.138,42.134,1.176,0.248,0.488,0,1,0
"99","DCYCRIPACIAGERRYGTCIYQGRLWAFCC","1",30,3492.102,43.333,50,23.333,16.667,73.333,26.667,20,13.333,6.667,1.702,8.107,62,41.063,1.427,0.123,0.488,0,1,0
"100","DTHFPICIFCCGCCHRSKCGMCCKT","1",25,2797.406,52,60,8,16,64,36,24,20,4,1.854,7.983,31.2,37.76,0.893,0.388,0.147,0.267,0.733,0
